{"cameraMode":{"drawMode":0,"name":"Shaded","section":"Shading Mode"},"sceneLighting":false,"audioPlay":false,"sceneViewState":{"m_AlwaysRefresh":true,"showFog":true,"showSkybox":true,"showFlares":true,"showImageEffects":true,"showParticleSystems":true,"showVisualEffectGraphs":true,"m_FxEnabled":true},"in2DMode":false,"pivot":{"x":3.1977076530456545,"y":-3.0526185035705568,"z":-12.390557289123536},"rotation":{"x":0.32433658838272097,"y":0.13557754456996919,"z":-0.04703007638454437,"w":0.9349947571754456},"size":3.4822895526885988,"orthographic":false}