{"cameraMode":{"drawMode":0,"name":"Shaded","section":"Shading Mode"},"sceneLighting":false,"audioPlay":false,"sceneViewState":{"m_AlwaysRefresh":true,"showFog":true,"showSkybox":false,"showFlares":true,"showImageEffects":true,"showParticleSystems":true,"showVisualEffectGraphs":true,"m_FxEnabled":true},"in2DMode":false,"pivot":{"x":3.4935851097106935,"y":-0.7484055757522583,"z":-13.493610382080079},"rotation":{"x":0.10271340608596802,"y":-0.1072128638625145,"z":0.011136223562061787,"w":0.9888533353805542},"size":2.7484183311462404,"orthographic":false}